jornada_financeira,conselho_financeiro
Pretendo criar uma reserva financeira sólida.,Aprender sobre finanças é tão importante quanto ganhar dinheiro.
Aprendi que cada pequena economia faz diferença.,Diversifique seus investimentos para reduzir riscos.
Sonho em viver de renda passiva no futuro.,Equilibre segurança e rentabilidade nos investimentos.
Meu objetivo é diversificar investimentos.,"Comece a poupar cedo, mesmo que seja pouco."
Aprendi a importância de poupar cedo.,Evite dívidas desnecessárias e priorize investimentos.
Estou aprendendo a equilibrar gastos e investimentos.,Use ferramentas de controle financeiro.
Já me arrependi de gastos impulsivos.,"Evite comprar por impulso, planeje antes de gastar."
Quero construir patrimônio com segurança.,Defina metas financeiras claras e acompanhe seu progresso.
Tenho o sonho de investir em imóveis.,Nunca pare de estudar sobre dinheiro e economia.
Busco planejar melhor minhas finanças.,Tenha sempre uma reserva de emergência.
nan,nan
nan,nan
nan,nan
nan,nan
nan,nan
nan,nan
nan,nan
nan,nan
nan,nan
nan,nan
nan,nan
nan,nan
nan,nan
nan,nan
nan,nan
nan,nan
nan,nan
nan,nan
nan,nan
nan,nan
nan,nan
nan,nan
nan,nan
nan,nan
nan,nan
nan,nan
nan,nan
nan,nan
nan,nan
nan,nan
nan,nan
nan,nan
nan,nan
nan,nan
nan,nan
nan,nan
nan,nan
nan,nan
nan,nan
nan,nan
nan,nan
nan,nan
nan,nan
nan,nan
nan,nan
nan,nan
nan,nan
nan,nan
nan,nan
nan,nan
nan,nan
nan,nan
nan,nan
nan,nan
nan,nan
nan,nan
nan,nan
nan,nan
nan,nan
nan,nan
nan,nan
nan,nan
nan,nan
nan,nan
nan,nan
nan,nan
nan,nan
nan,nan
nan,nan
nan,nan
nan,nan
nan,nan
nan,nan
nan,nan
nan,nan
nan,nan
nan,nan
nan,nan
nan,nan
nan,nan
nan,nan
nan,nan
nan,nan
nan,nan
nan,nan
nan,nan
nan,nan
nan,nan
nan,nan
nan,nan
nan,nan
nan,nan
nan,nan
nan,nan
nan,nan
nan,nan
nan,nan
nan,nan
nan,nan
nan,nan
nan,nan
nan,nan
nan,nan
nan,nan
nan,nan
nan,nan
nan,nan
nan,nan
nan,nan
nan,nan
nan,nan
nan,nan
nan,nan
nan,nan
nan,nan
nan,nan
nan,nan
nan,nan
nan,nan
nan,nan
nan,nan
nan,nan
nan,nan
nan,nan
nan,nan
nan,nan
nan,nan
